"id","who_deleted","deleted_date","trash_item","item_type"
"1a341759-1006-464d-b49e-e5d074c65d8e","b4290a1c-d0cc-490d-8e8d-43afb19bbe55","2026-01-13 00:42:43.163223-05","f9ca01bf-b5f2-495f-931f-212a0735bd0e","resource"
"1f75b875-347b-4065-bd6e-3070797dd200","b4290a1c-d0cc-490d-8e8d-43afb19bbe55","2026-01-09 04:06:15.310826-05","dc8f8eb6-489e-457a-a135-774ab270b8a6","scenario"
"344da0d8-7bae-4c97-bd34-94502c44b2a7","b4290a1c-d0cc-490d-8e8d-43afb19bbe55","2026-01-09 03:57:28.439969-05","2502a2bb-7707-4cef-a769-37690339eb4c","exercise"
"34f877a3-0fd9-492e-bb5f-87f410d016c3","b4290a1c-d0cc-490d-8e8d-43afb19bbe55","2026-01-09 05:47:17.64071-05","6ce144f5-63bc-4b06-ae93-59b21aaf57c4","scenario"
"382eead3-168d-4734-8441-745bcb51e53e","b4290a1c-d0cc-490d-8e8d-43afb19bbe55","2026-01-09 04:07:30.005806-05","23ce3882-ed95-4c68-93f9-505f42900fb7","scenario"
"49dcbbef-98b1-4c0f-8a4b-ad41ee4d76c8","b4290a1c-d0cc-490d-8e8d-43afb19bbe55","2026-01-09 03:55:05.270017-05","d581f652-f16a-476b-89c5-927e3cfe5054","exercise"
"71355f51-c6bc-4957-b4d8-94b2986a1355","b4290a1c-d0cc-490d-8e8d-43afb19bbe55","2026-01-13 00:34:01.217237-05","92394364-2285-4936-be53-47cdc6fc8230","resource"
"76e1a34a-adc1-49f0-83a3-ddfef85e9c25","b4290a1c-d0cc-490d-8e8d-43afb19bbe55","2026-01-09 00:00:00-05","108f4c4d-7757-45c7-ba95-126ef4ae49fe","resource"
"7c14dde9-5d8c-430c-b174-05d00f89809b","b4290a1c-d0cc-490d-8e8d-43afb19bbe55","2026-01-13 00:39:39.141907-05","f9ca01bf-b5f2-495f-931f-212a0735bd0e","resource"
"84e7ab21-c66d-4252-b62a-8304046ba557","b4290a1c-d0cc-490d-8e8d-43afb19bbe55","2026-01-13 00:42:23.646465-05","f9ca01bf-b5f2-495f-931f-212a0735bd0e","resource"
"8cc9cc9b-adbb-4304-b778-25c837de9bce","b4290a1c-d0cc-490d-8e8d-43afb19bbe55","2026-01-09 00:00:00-05","409cc7d7-3c92-4687-8b45-611d4e42cd16","resource"
"9bf3b66a-3b7e-4917-af51-282eed13e868","b4290a1c-d0cc-490d-8e8d-43afb19bbe55","2026-01-13 00:42:35.079834-05","f9ca01bf-b5f2-495f-931f-212a0735bd0e","resource"
"bfea4619-4c65-43c4-ae22-f27d2fb330a3","b4290a1c-d0cc-490d-8e8d-43afb19bbe55","2026-01-09 03:52:21.029298-05","d581f652-f16a-476b-89c5-927e3cfe5054","exercise"
"cafcab59-50f2-4bdb-add2-068149f45cd3","b4290a1c-d0cc-490d-8e8d-43afb19bbe55","2026-01-13 00:40:05.905826-05","f9ca01bf-b5f2-495f-931f-212a0735bd0e","resource"
"d0239ae5-251d-4936-9e8b-3a0383e50bb4","b4290a1c-d0cc-490d-8e8d-43afb19bbe55","2026-01-09 03:35:59.848182-05","60080f3c-50e8-4b60-a5ff-22a2a0b66622","resource"
"e18052f7-b608-43a2-91e9-1aaa1c64c2cc","b4290a1c-d0cc-490d-8e8d-43afb19bbe55","2026-01-09 00:00:00-05","8c98602f-76d9-437a-8f98-cbbd47fc600a","resource"
"ea4d9970-3f1b-41c5-bd15-c39929a7aa9a","b4290a1c-d0cc-490d-8e8d-43afb19bbe55","2026-01-09 03:57:31.615304-05","b85f3da0-0d86-4aae-ac80-c5b8fcad2433","exercise"
"fdcaf0e7-4dc5-49b2-a674-bfc30a422ea9","b4290a1c-d0cc-490d-8e8d-43afb19bbe55","2026-01-13 00:39:46.167231-05","f9ca01bf-b5f2-495f-931f-212a0735bd0e","resource"
"ff3056c8-c704-4c91-9034-eb6a4d70e438","b4290a1c-d0cc-490d-8e8d-43afb19bbe55","2026-01-09 00:00:00-05","f29a3bcf-387a-43ec-936b-287c7772ab9e","resource"
